{"cameraMode":{"drawMode":0,"name":"Shaded","section":"Shading Mode"},"sceneLighting":true,"audioPlay":false,"sceneViewState":{"m_AlwaysRefresh":false,"showFog":true,"showSkybox":true,"showFlares":true,"showImageEffects":true,"showParticleSystems":true,"showVisualEffectGraphs":true,"m_FxEnabled":true},"in2DMode":false,"pivot":{"x":-0.5875585079193115,"y":0.1989615559577942,"z":-2.3437705039978029},"rotation":{"x":-0.07424791902303696,"y":0.13421182334423066,"z":0.010084806941449643,"w":0.9881153702735901},"size":1.1660256385803223,"orthographic":false}