{"cameraMode":{"drawMode":0,"name":"Shaded","section":"Shading Mode"},"sceneLighting":true,"audioPlay":false,"sceneViewState":{"m_AlwaysRefresh":false,"showFog":true,"showSkybox":true,"showFlares":true,"showImageEffects":true,"showParticleSystems":true,"showVisualEffectGraphs":true,"m_FxEnabled":true},"in2DMode":false,"pivot":{"x":-0.3312201499938965,"y":-0.6341243386268616,"z":-2.3512778282165529},"rotation":{"x":-0.020718351006507875,"y":0.16273647546768189,"z":0.0034178674686700107,"w":0.9864439964294434},"size":3.9393532276153566,"orthographic":true}